Data e Hora,Remetente,Tipo de Chamado,Região,Filial,Tabela,Relato do Problema,Cliente,CPF,Pedido Vtx,NF,Contato,Nome da Loja,Chamado,Anomalia,Telefone
01/12/2024 09:10,+55 11 90000-0001:,Chamado Lojas,,26,,,,123,,,,Eldorado,INC0092640,"Erro no Pix
Data: 01/12/2024
Horário: 21:19
Telefone para contato: (11) 3232-2750
Relato do problema: Pagamento via Pix não consta no sistema
Cliente: CP2531
CPF: 123.456.789-01
Valor: R$ 2.354,90",(11) 3232-2750
02/12/2024 09:25,+55 11 90000-0002:,Chamado Lojas,,14,,,,987,,,,Morumbi,INC0092641,"App fechando sozinho
Data: 02/12/2024
Horário: 10:30
Telefone para contato: (11) 3311-1122
Relato do problema: Cliente relata travamento ao finalizar Pix
Cliente: CP1592
CPF: 987.654.321-00
Valor: R$ 675,00",(11) 3311-1122
03/12/2024 09:40,+55 11 90000-0003:,Chamado Lojas,,09,,,,111,,,,Center Norte,INC0092642,"Erro ao gerar nota após Pix
Data: 03/12/2024
Horário: 14:45
Telefone para contato: (11) 2922-0011
Relato do problema: NF não foi emitida, mas Pix consta como pago
Cliente: CP7182
CPF: 111.222.333-44
Valor: R$ 1.299,00",(11) 2922-0011
04/12/2024 09:50,+55 11 90000-0004:,Chamado Lojas,,12,,,,333,,,,Pinheiros,INC0092643,"Lentidão no sistema
Data: 04/12/2024
Horário: 16:45
Telefone para contato: (11) 3777-2211
Relato do problema: PDV congelando ao finalizar vendas
Cliente: CP8841
CPF: 333.444.555-66
Valor: R$ 570,00",(11) 3777-2211
05/12/2024 10:05,+55 11 90000-0005:,Chamado Lojas,,27,,,,444,,,,Ibirapuera,INC0092644,"Pedido duplicado
Data: 05/12/2024
Horário: 09:10
Telefone para contato: (11) 3111-8899
Relato do problema: Pix debitado 2 vezes
Cliente: CP0077
CPF: 444.555.666-77
Valor: R$ 750,00",(11) 3111-8899
06/12/2024 10:20,+55 11 90000-0006:,Chamado Lojas,,11,,,,123,,,,Augusta,INC0092645,"Sistema não atualiza estoque
Data: 06/12/2024
Horário: 12:00
Telefone para contato: (11) 3222-7788
Relato do problema: Mesmo após Pix, estoque continua reservado
Cliente: CP3182
CPF: 123.321.456-78
Valor: R$ 1.990,00",(11) 3222-7788
07/12/2024 10:30,+55 11 90000-0007:,Chamado Lojas,,03,,,,123,,,,Paulista,INC0092646,"Falha no login do PDV
Data: 07/12/2024
Horário: 19:00
Telefone para contato: (11) 3000-7000
Relato do problema: Caixa não autentica após inserir senha
Cliente: CP0022
CPF: 123.000.222-99
Valor: R$ 999,99",(11) 3000-7000
08/12/2024 10:50,+55 11 90000-0008:,Chamado Lojas,,20,,,,012,,,,Vila Olímpia,INC0092647,"Ticket não encerra
Data: 08/12/2024
Horário: 08:30
Telefone para contato: (11) 3999-4400
Relato do problema: Pagamento constou, mas pedido continua “aberto”
Cliente: CP8080
CPF: 012.345.678-90
Valor: R$ 2.330,50",(11) 3999-4400
09/12/2024 11:10,+55 11 90000-0009:,Chamado Lojas,,17,,,,000,,,,Tatuapé,INC0092648,"Falha ao imprimir NF
Data: 09/12/2024
Horário: 15:45
Telefone para contato: (11) 3500-1234
Relato do problema: NF some ao clicar em “gerar”
Cliente: CP0028
CPF: 000.111.222-33
Valor: R$ 420,00",(11) 3500-1234
10/12/2024 11:25,+55 11 90000-0010:,Chamado Lojas,,29,,,,777,,,,Brooklin,INC0092649,"App fecha no meio da venda
Data: 10/12/2024
Horário: 09:15
Telefone para contato: (11) 3566-6677
Relato do problema: Tela do app fica preta e fecha
Cliente: CP7766
CPF: 777.888.999-00
Valor: R$ 1.230,00",(11) 3566-6677
11/12/2024 11:40,+55 11 90000-0011:,Chamado Lojas,,05,,,,258,,,,Barra Funda,INC0092650,"Pix não gera comprovante
Data: 11/12/2024
Horário: 10:10
Telefone para contato: (11) 3030-1234
Relato do problema: Cliente não recebeu comprovante
Cliente: CP5588
CPF: 258.369.147-00
Valor: R$ 897,50",(11) 3030-1234
12/12/2024 11:50,+55 11 90000-0012:,Chamado Lojas,,34,,,,111,,,,São Caetano,INC0092651,"Cancelamento de pedido não funciona
Data: 12/12/2024
Horário: 14:20
Telefone para contato: (11) 4232-5566
Relato do problema: Cliente desistiu, mas o Pix não foi estornado
Cliente: CP7771
CPF: 111.333.555-77
Valor: R$ 3.100,00",(11) 4232-5566
13/12/2024 12:05,+55 11 90000-0013:,Chamado Lojas,,22,,,,987,,,,Moema,INC0092652,"Reimpressão de NF não disponível
Data: 13/12/2024
Horário: 11:00
Telefone para contato: (11) 3255-0022
Relato do problema: Perdeu conexão no momento da impressão
Cliente: CP1010
CPF: 987.000.111-22
Valor: R$ 1.110,00",(11) 3255-0022
14/12/2024 12:15,+55 11 90000-0014:,Chamado Lojas,,07,,,,100,,,,Liberdade,INC0092653,"Falha ao aplicar cupom via Pix
Data: 14/12/2024
Horário: 13:05
Telefone para contato: (11) 3112-2020
Relato do problema: Cupom não é reconhecido
Cliente: CP8282
CPF: 100.200.300-40
Valor: R$ 840,00",(11) 3112-2020
15/12/2024 12:30,+55 11 90000-0015:,Chamado Lojas,,19,,,,321,,,,Santana,INC0092654,"Cadastro de cliente não atualiza
Data: 15/12/2024
Horário: 15:10
Telefone para contato: (11) 2999-8877
Relato do problema: Não consegue vincular CPF no Pix
Cliente: CP1111
CPF: 321.654.987-00
Valor: R$ 2.770,00",(11) 2999-8877
16/12/2024 12:45,+55 11 90000-0016:,Chamado Lojas,,31,,,,999,,,,Guarulhos,INC0092655,"Integração com sistema externo falhou
Data: 16/12/2024
Horário: 10:50
Telefone para contato: (11) 2400-1010
Relato do problema: Pix não sincroniza com ERP
Cliente: CP9090
CPF: 999.888.777-66
Valor: R$ 1.500,50",(11) 2400-1010
17/12/2024 13:00,+55 11 90000-0017:,Chamado Lojas,,16,,,,123,,,,Aricanduva,INC0092656,"Falha ao carregar produtos
Data: 17/12/2024
Horário: 09:00
Telefone para contato: (11) 3555-1122
Relato do problema: Lista de SKUs fica em branco
Cliente: CP1155
CPF: 123.789.456-10
Valor: R$ 300,00",(11) 3555-1122
18/12/2024 13:15,+55 11 90000-0018:,Chamado Lojas,,13,,,,445,,,,Vila Mariana,INC0092657,"Pedido aparece com valor diferente no Pix
Data: 18/12/2024
Horário: 11:10
Telefone para contato: (11) 3390-2200
Relato do problema: O valor total está incorreto na tela de pagamento
Cliente: CP6677
CPF: 445.556.667-88
Valor: R$ 1.888,80",(11) 3390-2200
19/12/2024 13:30,+55 11 90000-0019:,Chamado Lojas,,24,,,,456,,,,Anália Franco,INC0092658,"Pix não finaliza a compra
Data: 19/12/2024
Horário: 14:00
Telefone para contato: (11) 3444-2200
Relato do problema: Mensagem de erro “Processamento falhou”
Cliente: CP9092
CPF: 456.123.789-55
Valor: R$ 320,00",(11) 3444-2200
20/12/2024 13:45,+55 11 90000-0020:,Chamado Lojas,,25,,,,876,,,,Interlagos,INC0092659,"Falha ao exportar relatório
Data: 20/12/2024
Horário: 10:05
Telefone para contato: (11) 3500-9999
Relato do problema: Botão “Exportar” não funciona
Cliente: CP1277
CPF: 876.543.210-01
Valor: R$ 150,00",(11) 3500-9999
21/12/2024 14:00,+55 11 90000-0101:,Chamado Regional,SP1,48,C7,"Pedido sumiu do app e não consta no Gan
Cliente: M469835
CPF: 672.556.120-91
Pedido Vtx: 1503851316461-01
SKU: AEMN893BZAPTO
Valor: R$ 1.564,79
Contato: (11) 95239-2152
Nome: Renato Oliveira",M469835,672,1503851316461-01,,(11) 95239-2152,,INC0092700,,
22/12/2024 14:15,+55 11 90000-0102:,Chamado Regional,SP2,75,F6,"Pagamento via Pix, porém pedido não consta em nenhum sistema
CPF: 247.013.298-35
Valor: R$ 5.936,26
Contato: (19) 99893-4640
Nome: Liliane",,247,,,(19) 99893-4640,,INC0092701,,
23/12/2024 14:25,+55 11 90000-0103:,Chamado Regional,SP3,33,I3,"Erro ao tentar gerar Pix
Cliente: Rafael Domingos B Mota
CPF: 312.443.168-57
Pedido Vtx: 914323
SKU: 4000024187
Valor: R$ 4.248,30
Contato: (15) 99732-2206
Nome: Tatiane",Rafael,312,914323,,(15) 99732-2206,,INC0092738,,
24/12/2024 14:35,+55 11 90000-0104:,Chamado Regional,SP4,23,A3,"Caixa com pendência, NF não pode ser relançada
Caixa: 19
Cliente: AN81892
NF: 174264-U1
Valor: R$ 2.603,46
Contato: (21) 99876-5432
Nome: Regina Lopes",AN81892,,,174264-U1,(21) 99876-5432,,INC0092739,,
25/12/2024 14:50,+55 11 90000-0105:,Chamado Regional,SP5,08,C3,"Lentidão na emissão de pedidos
Cliente: Vera Lúcia Martins
CPF: 313.009.455-20
Valor: R$ 750,00
Contato: (31) 99876-1234
Nome: Henrique",Vera,313,,,(31) 99876-1234,,INC0092740,,
26/12/2024 15:00,+55 11 90000-0106:,Chamado Regional,SP6,18,H4,"Erro intermitente ao aplicar desconto Pix
Cliente: Julio César R. Vale
CPF: 471.223.891-02
Valor: R$ 1.589,90
Contato: (41) 99000-4455
Nome: Simone",Julio,471,,,(41) 99000-4455,,INC0092741,,
27/12/2024 15:10,+55 11 90000-0107:,Chamado Regional,SP7,04,Z1,"Falha de rede entre filiais
CPF: 333.222.111-09
Valor: R$ 0,00
Contato: (11) 99123-4455
Nome: Jorge Matos",,333,,,(11) 99123-4455,,INC0092742,,
28/12/2024 15:20,+55 11 90000-0108:,Chamado Regional,SP8,60,D5,"Pedido fica em status “processando” infinito
Cliente: Maria P. da Silva
CPF: 123.444.777-55
Valor: R$ 4.500,00
Contato: (12) 97777-8899
Nome: Maria Sueli",Maria,123,,,(12) 97777-8899,,INC0092743,,
29/12/2024 15:30,+55 11 90000-0109:,Chamado Regional,SP9,15,B4,"Conexão perdida ao autorizar pagamento
Cliente: Guilherme R. Tavares
CPF: 321.654.987-11
Valor: R$ 2.200,00
Contato: (19) 98877-5566
Nome: Guilherme",Guilherme,321,,,(19) 98877-5566,,INC0092744,,
30/12/2024 15:40,+55 11 90000-0110:,Chamado Regional,SP10,06,A1,"Falha de autenticação no servidor regional
CPF: 456.987.123-55
Valor: R$ 0,00
Contato: (11) 91234-5566
Nome: Ricardo Gomes",,456,,,(11) 91234-5566,,INC0092745,,
31/12/2024 15:50,+55 11 90000-0111:,Chamado Regional,SP11,77,E9,"Pagamento consta, mas pedido não migrou para o ERP
Cliente: Fábio Alexandre
CPF: 741.852.963-02
Valor: R$ 834,00
Contato: (18) 99771-5566
Nome: Fábio",Fábio,741,,,(18) 99771-5566,,INC0092746,,
01/12/2024 16:00,+55 11 90000-0112:,Chamado Regional,SP12,19,B1,"Vários erros ao imprimir DANFE
Cliente: Soraia Lima
CPF: 333.222.111-00
Valor: R$ 1.999,90
Contato: (21) 99088-7744
Nome: Soraia",Soraia,333,,,(21) 99088-7744,,INC0092747,,
02/12/2024 16:10,+55 11 90000-0113:,Chamado Regional,SP13,10,M2,"Valor final difere entre Gan e App
Cliente: Bruno Santos
CPF: 258.147.369-00
Valor: R$ 3.450,00
Contato: (11) 99999-0000
Nome: Bruno",Bruno,258,,,(11) 99999-0000,,INC0092748,,
03/12/2024 16:20,+55 11 90000-0114:,Chamado Regional,SP14,44,T5,"Perda de conexão com gateway de pagamento
Cliente: Wesley Moura
CPF: 654.321.789-10
Valor: R$ 2.100,00
Contato: (11) 99876-2234
Nome: Wesley",Wesley,654,,,(11) 99876-2234,,INC0092749,,
04/12/2024 16:30,+55 11 90000-0115:,Chamado Regional,SP15,50,G1,"Falha ao atualizar status de pagamento
Cliente: Felipe Horácio
CPF: 987.123.654-01
Valor: R$ 980,00
Contato: (13) 99988-7766
Nome: Felipe",Felipe,987,,,(13) 99988-7766,,INC0092750,,
05/12/2024 16:40,+55 11 90000-0116:,Chamado Regional,SP16,02,J6,"Não gera link de pagamento Pix
Cliente: Gustavo Felipe
CPF: 222.111.000-33
Valor: R$ 450,00
Contato: (31) 98888-9999
Nome: Gustavo",Gustavo,222,,,(31) 98888-9999,,INC0092751,,
06/12/2024 16:50,+55 11 90000-0117:,Chamado Regional,SP17,40,H8,"Sistema externo não confirma pagamento
Cliente: Adriana Lemos
CPF: 111.444.777-99
Valor: R$ 3.670,99
Contato: (27) 99765-4433
Nome: Adriana",Adriana,111,,,(27) 99765-4433,,INC0092752,,
07/12/2024 17:00,+55 11 90000-0118:,Chamado Regional,SP18,66,L4,"Pedido não atualiza status de entrega
Cliente: Roberto Farias
CPF: 456.123.000-98
Valor: R$ 2.999,99
Contato: (14) 99234-8877
Nome: Roberto",Roberto,456,,,(14) 99234-8877,,INC0092753,,
08/12/2024 17:10,+55 11 90000-0119:,Chamado Regional,SP19,26,Q9,"Pedido apareceu duplicado no Gan
Cliente: Renato Barsotti
CPF: 789.789.789-79
Valor: R$ 4.659,00
Contato: (17) 98882-5566
Nome: Renato",Renato,789,,,(17) 98882-5566,,INC0092754,,
09/12/2024 17:20,+55 11 90000-0120:,Chamado Regional,SP20,99,X1,"Falha de comunicação com impressora fiscal
Cliente: Tânia Gomes
CPF: 159.357.456-01
Valor: R$ 540,00
Contato: (11) 97777-5555
Nome: Tânia",Tânia,159,,,(11) 97777-5555,,INC0092755,,
07/01/2025 18:51,+55 11 95738-9391:,Chamado Lojas,,46,,,,057,,,,Paulista II,INC0091717,"Cliente fez o pagamento do PRIME mas não consta no app novo e nem no gan.
CPF: 057.647.877-69
Data: 07/01/25
Horário: 18:39
Telefone para contato:* 11 93931 4849",* 11 93931 4849
07/01/2025 21:22,+55 11 95738-9391:,Chamado Regional,Nordeste,39,b7,"Cliente efetuou a compra em loja na modalidade debito via VTEX e não gerou nota.


Cliente: B555184
CPF: 242.53499520
Pedido Vtx: 1501641235666-01
Filial: 39
SKU: OSOLIQ610pto1
Valor R$ 224,88

Contato: (71) 983958883
Nome: Dyego Morais
Teams:* Dyego Morais",B555184,242,1501641235666-01,,(71) 983958883,,INC0091721,,
08/01/2025 11:42,+55 11 95738-6619:,Chamado Lojas,,39,,,,,,,,SALVADOR SHOPPING,INC0091770,"Cliente fez assinatura prime, mas não subiu para a plataforma vtex.
Data: 08/01/25
Contato:( 71) 98297-3167",
08/01/2025 14:56,+55 11 95738-6619:,Chamado Regional,,10,88,"K do cliente: M345716
Pedido GAN: 5489180
Valor: R$ 4.647,95
Forma de pagamento: 
ZZ (múltipla)
SKU: AEMPUF3BRAPTOB

Descrição detalhada:
Pedido de operadora realizado no novo APP, nas condições de pagamento (98=dinheiro, SB=habilitação, e 77=12x), ao lançar pedido no caixa, valor do pedido não condiz com as formas de pagamento, aumentando R$0,04 do valor do pedido, e caixa informa para revisarmos valores e lançarmos novamente",,,,,,,INC0091804,,
08/01/2025 16:29,+55 11 95738-6619:,Chamado Regional,NORDESTE,54,L4,"Pagamento PIX não subiu para o Gan. Cliente em loja. 

Contato: 85994263213 
Nome: Rafael Inácio 
Teams: Rafael Inácio Ferreira",,,,,85994263213,,INC0091824,,
08/01/2025 16:51,+55 11 95738-9391:,Chamado Regional,MG,33,E9,"Cliente fez uma compra no sábado (03/01/2025) no Fast Pay em 10x sem juros descriminando os seguintes SKUS: AEMPUF3BRAPTOB, H5AEMPUF3BRAPT, AEMUVU3BZABCOB com vendedor Mauricio (Filial 77) (V273293) Saida CD Cajamar No total de R$ 5.322,25 com pedido vtex: 150071119202601. Porém a venda não aparece no Gan e prazo de entrega é 5 dias úteis. Precisamos que seja resolvido essa anomalia, cliente em atrito com a loja cobrando um posição.
Evidencias

Cliente: W042369
CPF: 844.558.106-68
Pedido Vtx: 150071119202601
Filial: 33
TABELA: E9 
SKU: AEMUVU3BZABCOB AEMPUF3BRAPTOB H5AEMPUF3BRAPT
Valor R$ 5.322,25",W042369,844,150071119202601,,,,INC0091680,,
08/01/2025 17:25,+55 11 95738-6619:,Chamado Regional,MG,33,E9,"Cliente fez uma compra no sábado (03/01/2025) no Fast Pay em 10x sem juros descriminando os seguintes SKUS: AEMPUF3BRAPTOB, H5AEMPUF3BRAPT, AEMUVU3BZABCOB com vendedor Mauricio (Filial 77) (V273293) Saida CD Cajamar No total de R$ 5.322,25 com pedido vtex: 150071119202601. Porém a venda não aparece no Gan e prazo de entrega é 5 dias úteis. Precisamos que seja resolvido essa anomalia, cliente em atrito com a loja cobrando um posição.
Evidencias

Cliente: W042369
CPF: 844.558.106-68
Pedido Vtx: 150071119202601
Filial: 33
TABELA: E9 
SKU: AEMUVU3BZABCOB AEMPUF3BRAPTOB H5AEMPUF3BRAPT
Valor R$ 5.322,25",W042369,844,150071119202601,,,,INC0091680,,
08/01/2025 17:38,+55 11 95738-9391:,Chamado Lojas,,02,,,,,,,,IBIRAPUERA,INC0091823,"Imei e série do aparelho não está sendo vinculado na nota (aparelho com Apple Care)

Data: 08/01/2025

Horário: 16:26
Tempo previsto para resolução:
Telefone contato:


Peço prioridade pois cliente está em loja, muito nervoso alegando que só irá se retirar assim que o pix for estornado","Peço prioridade pois cliente está em loja, muito nervoso alegando que só irá se retirar assim que o pix for estornado"
08/01/2025 19:34,+55 11 95738-9391:,Chamado Regional,NE,5A,H9,"Pedido no app novo, quando enviado para central está chegando com valor menor do enviado, central não consegue aprovar o pedido por chegar com valor muito menor.


Cliente: AM38023 THACIANA FIGUEREDO LIMA PEIXOT
CPF: 627.696.853-68 - Prime Plus
Filial: 5A

SKU: EXOE9XB2
VALOR: 5.962,20
SERVIÇO: GI00P50FORNO
R$ 252,32

SKU: EXMV43TP2
VALOR: R$ 6.277,68
SERVIÇO: GI00P50MICROON
R$ 142,38

VALOR TOTAL: R$ 12.634,58

Contato: (81) 99495-0838
Nome: EWERTON CONEGUNDES
Teams: EWERTON PEREIRA CONEGUNDES",AM38023,627,,,(81) 99495-0838,,RITM0076350,,
08/01/2025 21:35,+55 11 95738-6619:,Chamado Lojas,,08,,,,,,,,ABC,INC0091851,,* (11) 99489-0076
08/01/2025 21:53,+55 11 95738-9391:,Chamado Lojas,,12,,,,,,,,Center Norte,INC0091854,,11 98940-9421
08/01/2025 22:37,+55 11 95738-9391:,Chamado Regional,SP3,8A,I3,"Dois clientes tentaram fazer o Prime hoje sem sucesso, um deles comprou sem o desconto porque precisava muito do produto para hoje, outra cliente resolveu esperar até amanhã para que o Prime efetivasse em sistema, segue tela com o comprovante de pagamento e a tela com seus dados, de início demorou muito até ela conseguir finalizar e quando finalizou não atualizou no APP novo e não atualizou o GAN, solicito por gentileza a verificação, cliente está aguardando um retorno para efetivar a compra. Obrigada.",,,,,,,INC0091858,,
09/01/2025 11:19,+55 11 95738-6619:,Chamado Regional,,12FS-Plaza,87,"K do cliente: M653318
Pedido GAN:1269333
Pedido Vtex: 1501931248952-01
Valor: R$ 8.654,44
Forma de pagamento: 
ZZ (múltipla)
SKU: AEMYNF3BEABNZB

Descrição detalhada:
Pedido de operadora com Troca Fast realizado no novo APP, nas condições de pagamento (98=dinheiro, SB=habilitação, BS= Troca Fast e 77=12x), pagamento feito via maquininha bluetooth não gerou nota fiscal pedido  em trânsito de Faturamento.",,,,,,,INC0091854,,
09/01/2025 12:57,+55 11 95738-9391:,Chamado Regional,NE,54,L4,"Desvincular crédito de devolução do VTEX, pois não consigo utilizar o modo refaturamento no GAN e APP VTEX não reconhece Crédito de devolução. Cliente em atrito.


Cliente: N701624
CPF: 013.444.633-04 - Prime 
Filial: 54

SKU: PANAF170B7W2
VALOR: 2.374,91
SERVIÇO: X

Contato: (85) 99112-1330
Nome: Joab
Teams: ANTONIO JOAB SOUSA MAGALHÃES",N701624,013,,,(85) 99112-1330,,INC0091904,,
09/01/2025 13:05,+55 11 95738-6619:,Chamado Regional,,12FS-Center,87,"K do cliente: M653318
Pedido GAN:1269333
Pedido Vtex: 1501931248952-01
Valor: R$ 8.654,44
Forma de pagamento: 
ZZ (múltipla)
SKU: AEMYNF3BEABNZB

Descrição detalhada:
Pedido de operadora com Troca Fast realizado no novo APP, nas condições de pagamento (98=dinheiro, SB=habilitação, BS= Troca Fast e 77=12x), pagamento feito via maquininha bluetooth não gerou nota fiscal pedido  em trânsito de Faturamento.",,,,,,,INC0091854,,
09/01/2025 19:21,+55 11 95738-6619:,Chamado Regional,SP2,82,F8,"VENDA FEITA NO APP NOVO CONDIÇÃO DE PAGAMENTO 00 CREDITO DE DEVOLUÇÃO. 
PEDIDO APARACE NO GAN PORÉM NÃO GERA NF PARA ENTREGA. 


Contato: (51) 985251986
Nome: Bruno Albino",,,,,(51) 985251986,,INC0091972,,
09/01/2025 20:35,+55 11 95738-6619:,Chamado Lojas,,28,,,,018,,,,DIAMOND MALL,INC0091991,"Pedido para refaturamento montado no GAN está apresentando falha ao finalizar, aparece o erro ""nao existem opçoes de entrega para atendimento ao CEP informado"" poderia verificar por gentileza? abaixo dados.

Cod cliente: B658508
CPF: 018.264.306-95
Cod produto: 0S2534008BBCOB
cond pagamento: 00
Filial: 05 CD CAJAMAR III
Valor: 3.239,00
Endereço para entrega: RUA SUZANA FURTADO DE OLIVEIRA 75 301
Cep: 31140-430
cidade: BELO HORIZONTE

Em anexo comprovação

Data: 09/01/24
Contato: (31) 99443-3540",
10/01/2025 12:50,+55 11 95738-9391:,Chamado Regional,SP3,58,D4,"Todas as instalações feitas via App novo do vendedor o sistema está travando na parte do endereço, não deixa finalizar o agendamento por gentileza ajustar erro para seguir com agendamento.
Cliente: Eduardo
CPF: 820.120.087-04",Eduardo,820,,,,,INC0092046,,
10/01/2025 15:53,+55 11 95738-9391:,Chamado Regional,(SP3),,,"CEP com erro impossibilitando montar o pedido.


ID do cliente: X693246
CPF: 05648403860
Pedido Vtx: 
Código DV (p/ credito): 
Sku: EXLL14X1
CEP: 17379-899

Nome para contato: Pedro 
Telefone para contato: 19 99725-2798 
Teams: phds@fastshop.com.br",,05648403860,Código,,,,RITM0075912,,
10/01/2025 20:04,+55 11 95738-9391:,Chamado Regional,Sp2,03,97,"Não subiu nf após pagamento pix k:AN76855
USUARIO: VITHVD/V274917
FL 03
tab 97

Contato: (11) 953891939
Nome: Vitor",,,,,(11) 953891939,,INC0092093,,
11/01/2025 13:53,+55 11 95738-6619:,Chamado Lojas,,2G,,,,,,,,M1 SP Market,INC0091262,"Não deixa gerar link de pagamento pois informa que colaborador não tem caixa mesmo ele tendo.
Login: Kayquecv@fastshop.com.br
Data: 03/01/25
Horário: 16:27
Telefone para contato: 11 969396444",11 969396444
11/01/2025 14:27,+55 11 95738-6619:,Chamado Lojas,,06,,,,,,,,Iguatemi SP,INC0092126,"Erro ao tentar altera a data de entrega de pedido ja faturado.
Data: 11/01/25
Horário: 112:30
Telefone para contato:* 11 98132-6473",* 11 98132-6473
11/01/2025 14:27,+55 11 95738-6619:,Chamado Lojas,,06,,,,,,,,Iguatemi SP,INC0092136,"Erro ao tentar altera a data de entrega de pedido ja faturado.
Data: 11/01/25
Horário: 112:30
Telefone para contato:* 11 98132-6473",* 11 98132-6473
11/01/2025 14:35,+55 11 95738-6619:,Chamado Lojas,,77,,,,,,,,BH Shopping,INC0092137,"Boa tarde filial 77 bh shopping rede ta caindo e voltando
Data:11/01/2025
Telefone contato: (31) 3888-5656",(31) 3888-5656
11/01/2025 17:56,+55 11 95738-9391:,Chamado Lojas,,70,,,,,,,,Del Rey,RITM0076656,Rfs: 24600(AN78301) e 24600(Chamados lojas - Regional MG/CO,
11/01/2025 21:21,+55 11 95738-9391:,Chamado Lojas,,46,,,,,,,,Paulista II,INC0092168,"POS do dia 09/01 pendente no caixa 16. NF foi refaturada anteriormente e pagamento está ok.
Cliente: AN48837
POS: C3569332
CAIXA: 16
Data: 11/01/25
Horário: 22:20
Telefone para contato: 11 978880511",11 978880511
12/01/2025 17:42,+55 11 95738-9391:,Chamado Regional,SP2,82,F8,"Pagamento no HIPERCAR, no Sitef diz efetuado local. Nao saiu saiu comprovante. E não está passando no pos pela NSU. 
Pagamento no Caixa 35
Login:Luasm
Evidencias


Contato: (51) 982496694
Nome*: Rafael Santos",,,,,(51) 982496694,,INC0092185,,
13/01/2025 11:58,+55 11 95738-6619:,Chamado Regional,(MG/CO),,,"Nota fiscal não foi gerado, pagamento no PinPad 
ID do cliente: H798440
CPF: 961.647.941-53
Pedido Vtx: 1502861281186-01

Nome para Contato:Pedro Calisto  
Telefone para contato: 62 99298-8121
Teams:
pedrogcds@fastshop.com.br",,961,1502861281186-01,,Pedro Calisto,,INC0092210,,
13/01/2025 12:06,+55 11 95738-9391:,Chamado Regional,RJ/ES,33,B8,"Pedido não consta no sistema , efetuado o pagamento na data 12/01/25 às 21h pelo link através do cartão Fast Pay e até o momento o pedido não consta no sistema . Cliente já recebeu a confirmação do pagamento. 
Cliente: AN80032
CPF: 117.937.787-70
Pedido Vtx:
NF: 
Filial: 33
SKU: SGWD11AI
CEP: 20745-125
R$ 4.249. 8x",AN80032,117,NF:,Filial:,,,INC0092241,,
13/01/2025 12:37,+55 11 95738-9391:,Chamado Lojas,,75,,,,,,,,Dom Pedro 2,INC0092269,"NF com a seguinte Rejeicao: Valor total do ICMS Interestadual da UF de destino difere, mesmo cliente fez compra no mes passado e nota fiscal autorizou normalmente
Data: 213-01-2025
Telefone para contato: 19 99386-5586 Victor",19 99386-5586 Victor
13/01/2025 13:00,+55 11 95738-6619:,Chamado Regional,CO,,,"Impressora Lexmark MS610dn, não está ligando, já foi verificado os cabos mas não dá nenhum sinal de vida, vídeo anexado pelo suporte da t.i no chamado

Nome para Contato: João Renato 
Número para contato: 61996841708

Status: Crítico",,,,,João Renato,,INC0091989,,
13/01/2025 14:15,+55 11 95738-9391:,Chamado Regional,RJ/ES,18,82,"Erro ao vincular instalação na 00 no gan. Consta que a base de instalação não pode ser atendida no cep.
Cliente: M005771
CPF: 014.664.687-85
Pedido:
Filial: 18
SKU:
CEP: 22793-000
Valor do pedido:
Contato: (21)96512-6570 
Daiana
Teams: daianamsdj@fastshop.com.br",M005771,014,,,(21)96512-6570,,INC0092280,,
13/01/2025 14:24,+55 11 95738-6619:,Chamado Regional,RJ/ES,18,82,"Após mudança de CD não é possível abrir grande instalação da regional RJ. ( Todas as condições de pagamento )

Cliente: M005771
CPF: 014.664.687-85
Pedido:
Filial: 18
SKU:
CEP: 22793-000
Valor do pedido:
Contato: (21)96512-6570 
Daiana
Teams: daianamsdj@fastshop.com.br",M005771,014,,,(21)96512-6570,,INC0092280,,
13/01/2025 18:36,+55 11 95738-6619:,Chamado Lojas,,46,,,,,,,,Paulista II,INC0092323,"Erro ao gerar link de pedido via boleto 
Data: 13/01/25
Horário: 16:48
Telefone para contato: 11 978880511",11 978880511
14/01/2025 14:30,+55 11 95738-9391:,Chamado Regional,Nordeste,43,C2,"vendedora não consegue gerar link de pagamento ou pedido no caixa através do app novo, pois, no mesmo consta que está sem caixa . 

Contato: (71) 987022768
Nome: Gabriel Cerqueira Soares 
Teams:* Gabrielcs",,,,,(71) 987022768,,INC0092417,,
14/01/2025 16:46,+55 11 95738-9391:,Chamado Regional,RJ/ES,23,A3,"Impossibilidade de matar pedido na 00, pois aparece ""Nao sera possivel utilizar devolucao com Voucher criado na VTEX"" , sendo que o mesmo está liberado para nossa filial  
Cliente: N759868
CPF: 501.258.181-49
Pedido: 852471
Filial: 25
Tab: A3
SKU: EXPA21GBIVBCOB
Valor:R$1.061,35",N759868,501,,,,,INC0092433,,
14/01/2025 17:54,+55 11 95738-6619:,Chamado Lojas,,02,,,,,,,,Ibirapuera,INC0092438,"Reativar pedido
Data: 14/01/25
Horário: 14:30
Telefone para contato: 11 973701809",11 973701809
14/01/2025 18:29,+55 11 95738-9391:,Chamado Regional,MG,70,E5,,O033501,074,,,,,INC0092470,,
14/01/2025 18:40,+55 11 95738-9391:,Chamado Regional,,80,F3,"Não deixa montar somente instalação, pagamento via Pix

GI00TV51A65
Vinicius  (11) 95879-4409",,,,,,,INC0092473,,
14/01/2025 18:44,+55 11 95738-9391:,Chamado Regional,CO,71,E6,"Assinatura prime vendida pelo novo app, e está caindo como assinatura feita pelo site.
Número da Filial: 71
Tabela: E6
Nome para Contato: Kayan
Telefone para contato: ( 61 ) 992349788
Teams: kayanro",,,,,Kayan,,INC0092475,,
14/01/2025 20:31,+55 11 95738-9391:,Chamado Lojas,,46,,,,,,,,Paulista II,INC0092486,"pendência no caixa 03
Data: 14/01/25
Horário: 20:29
Telefone para contato: 11 93931 4849",11 93931 4849
15/01/2025 12:43,+55 11 95738-9391:,Chamado Regional,RJ/ES,38,B6,"Cliente adquiriu o aparelho e o serviço Apple Care, porém quando vamos vincular o número de série para gerar o serviço aparece uma mensagem de erro e não conseguimos dar baixa no sistema.
Esse é o erro que aparece "" Já existe um contrato Apple Care ativo para o dispositivo. Um novo contrato não pode ser vendido e/ou adicionado.""
Devido esse erro não estamos conseguindo dar baixa nos produtos de hoje.

Cliente: AN83545
CPF: 153.674.027-63
Pedido: 837407
Filial: 38
Tab: B6
SKU: AEMLPF3BRAPTOB
Valor:R$3.959,60",AN83545,153,,,,,INC0092550,,
15/01/2025 16:37,+55 11 95738-9391:,Chamado Regional,RJ/ES,18,82,"Não estamos conseguindo finalizar um pedido via gan, segue erro ( não existem opções de entrega para atendimento ao cep informado ) .
Cep: 28982-792

Cliente: N613170
CPF: 084.625.667-38
Pedido: 2202671
Filial: 25
SKU: EXCE9IF2 - EXIE80PB - EXMX43T2 - EXOE9XT2
Valor do pedido:
Contato: (21)96512-6570 
Daiana
Teams: daianamsdj@fastshop.com.br",N613170,084,,,(21)96512-6570,,INC0092602,,
15/01/2025 19:15,+55 11 95738-9391:,Chamado Regional,SP1,3A,H6,"Cliente Adquiriu um PACOTE de produtos, o pedido foi faturado e aprovado Fast Pay)
Porem não subiu no GAN Pedido : 0265196



Contato: (11) 947920549
Nome: Pablo ASS II
Teams: pablohs@fastshop.com.br",,,,,(11) 947920549,,INC0092632,,
15/01/2025 19:44,+55 11 95738-9391:,Chamado Regional,RJ/ES,6A,i1,"Caixa 19 com pendencia de NF não lançadas, porém não é possível lançar em transações complementares, pois a compra foi efetuada com dois cartões e consta apenas um TEF em aberto no valor de 900,00. Sendo o total da NF no valor de 1.315.

Caixa: 19
Filial: 6A
Tabela: i1

CLIENTE: AK16365 ALEXSANDER SANTANA
CPF: 183.553.107-56
NF: 48886  serie: Y1
Filial: 6A
Valor: 1.315,00
Data: 13/01/25

Contato: 21 98901-4541
Fabio Ribeiro
Teams: fabiosr@fastshop.com.br",,183,,48886,21 98901-4541,,INC0092636,,
16/01/2025 12:48,+55 11 95738-9391:,Chamado Lojas,,46,,,,,,,,Paulista II,INC0092705,"serviço agendado, mas não deixa passar no caixa
Data: 16/01/25
Horário: 12:21
Telefone para contato: 11 969631827",11 969631827
16/01/2025 13:52,+55 11 95738-6619:,Chamado Regional,Sp1,08,94,"Internet lenta e em alguns pontos da loja não pega todas as redes Mkt / fs loja / service 

Contato: (11) 99489-0076
Nome: Marco Antônio 
Teams: marcoas@fastshop.com.br",,,,,(11) 99489-0076,,INC0092716,,
16/01/2025 14:12,+55 11 95738-6619:,Chamado Lojas,,15,,,N032533 THAYNA MATTOS AVILA DA ROCHA,,,,,HIGIENOPOLIS,INC0092579,"NF devolvida não gerou credito para o cliente

CLIENTE: N032533 THAYNA MATTOS AVILA DA ROCHA
598878-U8 01/12/24 LC 33 5.199,00 1 EXOE9XT2 CL
708792-M1
Ambas já devolvidas

Data: 15/01/2025
Horário: 14:55H
Tempo previsto para resolução:
Telefone contato: 11 968294391",11 968294391
16/01/2025 14:12,+55 11 95738-6619:,Chamado Lojas,,15,,,CLIENTE: M355567 ANTONIO MACHADO NETO,,,,,HIGIENOPOLIS,INC0092581,"NF devolvida não gerou credito para o cliente
CLIENTE:CLIENTE: M355567 ANTONIO MACHADO NETO
598880-U8 01/12/24 LC 33 4.059,90 1 EXLL10X1 CL
Vf devolvida tbm
Devolução não gerou credito
Data: 15/01/2025
Horário: 14:55H
Tempo previsto para resolução:
Telefone contato: 11 968294391",11 968294391
16/01/2025 14:28,+55 11 95738-9391:,Chamado Regional,RJ/ES,7D,L1,"Não está deixando efetuar o cancelamento do cliente 
NSU Host:
Pedido:

Cliente:L549818
CPF:08019977716
Pedido Vtx:
NF: 
Filial: 7D
TB: L1
SKU:
CEP: 
R$: 459,00

Contato: (21) 990395251 Lucas",L549818,08019977716,NF:,Filial:,(21) 990395251 Lucas,,RITM0076951,,
16/01/2025 17:12,+55 11 95738-9391:,Chamado Regional,SP3,75,F6,"Chamado: INC0092240
Data:10/01/25

Pedido realizado no App Novo ,  foi efetuado o pagamento via Pix descontou da conta do cliente ,porém pedido não consta no app e nem no Gan . 


CPF: 247.013.298-35
Valor R$ 5.936,26

Contato: (19)99893.4640
Nome:  Liliane",,247,,,(19)99893.4640,,INC0092240,,
16/01/2025 17:37,+55 11 95738-6619:,Chamado Regional,SP3,75,F6,"Chamado: INC0092240
Data:10/01/25

Pedido realizado no App Novo ,  foi efetuado o pagamento via Pix descontou da conta do cliente ,porém pedido não consta no app e nem no Gan . 


CPF: 247.013.298-35
Valor R$ 5.936,26

Contato: (19)99893.4640
Nome:  Liliane",,247,,,(19)99893.4640,,INC0092240,,
16/01/2025 18:21,+55 11 95738-6619:,Chamado Regional,SP3,75,F6,"Chamado: INC0092240
Data:10/01/25

Pedido realizado no App Novo ,  foi efetuado o pagamento via Pix descontou da conta do cliente ,porém pedido não consta no app e nem no Gan . 


CPF: 247.013.298-35
Valor R$ 5.936,26

Contato: (19)99893.4640
Nome:  Liliane",,247,,,(19)99893.4640,,INC0092240,,
16/01/2025 19:16,+55 11 95738-9391:,Chamado Regional,NE,5A,H9,"GAN não permite realizar pedido do cliente, todos os pedidos aparecendo mensagem de erro ""Pedido devera ser Revisado, pois o cliente possui Servicos pendentes"".


Cliente: O086136 WILLAMS JOSE BATISTA 
CPF: 594.653.284-72
Filial: 5A
Nota DV: 1.5A.192123.U1

Contato: (81) 99495-0838
Nome: EWERTON CONEGUNDES
Teams: EWERTON PEREIRA CONEGUNDES",O086136,594,,,(81) 99495-0838,,RITM0077266,,
16/01/2025 20:17,+55 11 95738-9391:,Chamado Lojas,,3C,,,,,,,,Cidade São Paulo,INC0092764,"Falha na geração do pedido no App Novo

ao incluir o sku PANNGT68L1, o pedido da erro e diz que não entrega no CEP escolhido

Após isso, ao tentar incluir no pedido, SKU consta com indisponível, com 108 peças no Cajamar II

Problema com CEP e disponibilidade não acontece pelo GAN

evidencias em anexo
Data: 16/01/24
Horário: 18:30
Telefone para contato: (11) 9 4665-1622",(11) 9 4665-1622
16/01/2025 22:43,+55 11 95738-9391:,Chamado Regional,SP1,48,C7,"Pedido sumiu do app e não consta no gan 
Evidencias

Cliente: M469835
CPF: 672.556.120-91
Pedido Vtx: 1503851316461-01
Filial: 48
SKU:AEMN893BZAPTO 
Valor R$ 1564,79

Contato: (11) 952392152
Nome: Renato Oliveira Seles
Teams: renatooliveiraseles",M469835,672,1503851316461-01,,(11) 952392152,,INC0092779,,
17/01/2025 17:35,+55 11 95738-9391:,Chamado Regional,SP2/SUL,Palladium,D2,,,,,,41 995171623,,INC0092865,,
17/01/2025 18:38,+55 11 95738-9391:,Chamado Regional,SP2/SUL,Palladium,D2,,,,,,41 995171623,,INC0092865,,
17/01/2025 18:46,+55 11 95738-6619:,Chamado Regional,SP2/SUL,Palladium,D2,,,,,,41 995171623,,INC0092865,,
17/01/2025 21:01,+55 11 95738-9391:,Chamado Regional,SP2,51,D1,,B9357590,014,1503071286960-01,,11 965760879,,inc0092897,,
18/01/2025 12:24,+55 11 95738-9391:,Chamado Regional,NORDESTE,9D,L3,"O cliente AN89208 L M COMERCIO efetuou seu cadastro novo, pelo App Novo porém o próprio sistema alterou seu cadastro imputando o endereço da Loja o que poderá impactar na autorização da NF. 
Precisamos com urgência do ajuste para o seu endereço correto conforme imputado pelo vendedor e validado no Sintegra e Receita Federal.

CEP: 62.700-000
BAIRRO: CENTRO
MUNICÍPIO: CANINDE
UF:CE

LOGRADOURO: R TABELIAO FACUNDO
NÚMERO: 406

ENDEREÇO ELETRÔNICO
ADM_BOTICARIOSOBRAL@HOTMAIL.COM
TELEFONE
(85) 3226-6711


Cliente: AN89208 L M COMERCIO
CNPJ: 015.827.712/0001-56
Ped.VTEX: 1504221324385-01 
Filial: 9D
SKU 01: AEMTV63BEAAZLB
Quantidade 01 produto
NF R$ 7.699,90 

Contato: (85) 99670-0731
Nome: Fernando Quintela
Teams: luizfq",AN89208,,,,(85) 99670-0731,,RITM0077407,,
